BG0002|Temple of Helm (Baldur's Gate)
BG0004|Behren's home, ground floor
BG0005|Behren's home, second floor (Pixie the Cat)
BG0006|Rinnie's home, ground floor
BG0007|Rinnie's home, second floor
BG0008|Generic home, ground floor
BG0009|Generic home, second floor
BG0010|Jardak's home, ground floor (Drelik the butler)
BG0011|Jardak's home, second floor
BG0012|Generic home, ground floor
BG0013|Generic home, second floor
BG0014|Generic home, ground floor
BG0015|Generic home, second floor
BG0016|Generic home, ground floor
BG0017|Generic home, second floor
BG0018|Generic home, ground floor
BG0019|Generic home, second floor
BG0020|Generic home, ground floor
BG0021|Generic home, second floor
BG0100|NW Baldur's Gate (Helm & Cloak, Silvershield Estate)
BG0101|Silvershield Estate, ground floor
BG0102|Silvershield Estate, second floor
BG0103|Splurging Sturgeon, ground floor (Lusselyn)
BG0104|Splurging Sturgeon, second floor (Mr. Shade)
BG0105|Blade and Stars, ground floor (G'axir the Seer, Elkart)
BG0106|Blade and Stars, second floor (Maple Willow Aspen)
BG0107|Blade and stars, third floor (Reginald Longtooth Worthington III)
BG0108|Duchal Palace, ground floor
BG0109|Duchal Palace, second floor
BG0110|Duchal Palace, third floor
BG0111|Duchal Palace, basement
BG0112|Undercellars (Slythe, Krystin)
BG0114|Blushing Mermaid, ground floor (Larze)
BG0115|Blushing Mermaid, second floor
BG0116|Helm & Cloak, ground floor (Gorpel Hind)
BG0117|Helm & Cloak, second floor front (Emissary Sarah)
BG0118|Helm & Cloak, second floor rear
BG0119|Three Old Kegs tavern, ground floor
BG0120|Three Old Kegs tavern, second floor (Skull of Keraph)
BG0121|Three Old Kegs tavern, third floor (Areana)
BG0123|Undercity (Temple of Bhaal, old city ruins)
BG0125|Temple of Bhaal (game finale)
BG0126|Ragefast's home
BG0127|Merchant League, ground floor (Irlentree)
BG0128|Merchant League, second floor (Aldeth, Brandilar, Zorl)
BG0129|Merchant League, third floor
BG0130|Hall of Wonders (Alora)
BG0131|Temple of Gond (Forthel August)
BG0132|Lady's House (Agnasia, Chanthalas Ulbright)
BG0133|Low Lantern, ground floor
BG0134|Low Lantern, first underwater level (Desreta, Vay-ya)
BG0135|Low Lantern, second underwater level (Yago)
BG0136|Low Lantern, third underwater level
BG0137|Ramazith's Tower, ground floor
BG0138|Ramazith's Tower, sixth (top) floor
BG0139|Ramazith's Tower, second floor
BG0140|Ramazith's Tower, third floor
BG0141|Ramazith's Tower, fourth floor
BG0142|Ramazith's Tower, fifth floor
BG0143|Oberan's Estate, ground floor
BG0144|Oberan's Estate, second floor
BG0145|Oberan's Estate, third floor (Helshara, Ithmeera, Delorna)
BG0146|Thieves Guild, Maze
BG0148|Thieves Guild, front house (fourth from west)
BG0149|Ilmater's Shrine
BG0150|Thieves Guild, front house (first from west)
BG0151|Thieves Guild, front house (second from west)
BG0152|Thieves Guild, front house (third from west)
BG0153|Thieves Guild, main area (Alatos, Narlen Darkwalk)
BG0154|Keexie Tavern, ground floor
BG0155|Generic home, ground floor
BG0156|Generic home, second floor
BG0157|Quinn's home, ground floor
BG0158|Quinn's home, second floor
BG0159|Generic home, ground floor
BG0160|Generic home, second floor
BG0161|Degrodel's home
BG0162|Louise and Laerta's home
BG0163|Generic home, ground floor
BG0164|Generic home, second floor
BG0165|Generic tavern, ground floor (Connoly Finn)
BG0166|Generic tavern, second floor (Borinole Mann)
BG0167|Phierkas's home, ground floor
BG0168|Phierkas's home, second floor
BG0169|Generic home, ground floor
BG0170|Generic home, second floor
BG0171|Keexie Tavern, second floor
BG0200|N Baldur's Gate (Ramazith's Tower, Duchal Palace)
BG0224|BG Sewers, western area (Schlumpsha the Sewer King)
BG0225|BG Sewers, central area (Ratchild)
BG0226|BG Sewers, eastern area (ogre mage for Scar)
BG0300|NE Baldur's Gate (Blushing Mermaid, Splurging Sturgeon, Counting House)
BG0302|Generic home, ground floor
BG0303|Generic home, second floor
BG0304|Generic store
BG0305|Generic home, ground floor
BG0306|Generic home, second floor
BG0307|Counting House, ground floor (Jacil or Ulf)
BG0308|Counting House, second floor (Captain Kieres)
BG0400|Farm NE of BG (Wenric, zombie farm)
BG0401|Wenric's farmhouse
BG0500|Durlag's Tower, exterior
BG0501|Durlag's Tower, first subterranean level
BG0502|Durlag's Tower, ground floor
BG0503|Durlag's Tower, second floor
BG0504|Durlag's Tower, third floor (Rigglio)
BG0505|Durlag's Tower, fourth floor (Kirinhale)
BG0506|Durlag's Tower, chessboard (fourth subterranean level)
BG0507|Durlag's Tower, cold elemental challenge (fourth subterranean level)
BG0508|Durlag's Tower, fire elemental challenge (fourth subterranean level)
BG0509|Durlag's Tower, air elemental challenge (fourth subterranean level)
BG0510|Durlag's Tower, earth elemental challenge (fourth subterranean level)
BG0511|Durlag's Tower, second subterranean level (Pride, Avarice, Love, Fear)
BG0512|Durlag's Tower, third subterranean level (Kiel, Islanne, door maze)
BG0513|Durlag's Tower, fourth subterranean level (leads to elemental challenges)
BG0514|Durlag's Tower, fifth subterranean level
BG0515|Durlag's Tower, stone golem question chamber
BG0516|Durlag's Tower, demon knight chamber (Dalton)
BG0600|W Baldur's Gate (Hall of Wonders, Lady's House, Ragefast's home)
BG0601|Seven Suns, ground floor
BG0602|Seven Suns, second floor
BG0603|Seven Suns, basement (Jhasso)
BG0606|Flaming Fist HQ, basement
BG0607|Flaming Fist HQ, ground floor
BG0608|Flaming Fist HQ, second floor (Duke Eltan)
BG0609|Temple of Umberlee (Jalantha Mistmyr)
BG0611|Iron Throne, basement
BG0612|Iron Throne, second floor (Dra'tan)
BG0613|Iron Throne, third floor (Nortuary, Emissary Tar)
BG0614|Iron Throne, fourth floor (Destus Gurn)
BG0615|Iron Throne, fifth (top) floor (chapter five finale)
BG0616|Iron Throne, ground floor (Triadore)
BG0617|Tremain Belde'ar's home, ground floor
BG0618|Tremain Belde'ar's home, second floor
BG0619|Fenten's Home, ground floor
BG0620|Fenten's Home, second floor
BG0621|Iron Throne, roof
BG0700|Central Baldur's Gate (marketplace, Oberan's home)
BG0702|Harbormaster's building
BG0703|Sorcerous Sundries, ground floor (Halbazzer Drin)
BG0704|Sorcerous Sundries, second floor
BG0705|Elfsong Tavern, ground floor (Brevlik)
BG0706|Elfsong Tavern, second floor (Alyth, Cyrdemac)
BG0707|Generic home, ground floor
BG0708|Generic home, second floor
BG0709|Generic home, ground floor
BG0710|Generic home, second floor
BG0711|Generic home, ground floor
BG0712|Generic home, second floor
BG0713|Generic home, ground floor
BG0714|Generic home, second floor
BG0715|Nadine's home, ground floor
BG0716|Nadine's home, second floor
BG0717|Generic home, ground floor
BG0718|Generic home, second floor
BG0719|Felonius Gist's home
BG0720|Drakon Tavern
BG0721|Warehouse full of rabid chickens
BG0722|Generic home, ground floor
BG0723|Generic home, second floor
BG0724|Marketplace tent (gambling)
BG0725|Marketplace tent (gambling)
BG0726|Diviner's marketplace tent
BG0800|E Baldur's Gate (Sorcerous Sundries, Elfsong Tavern)
BG0801|Generic home, ground floor
BG0802|Generic home, second floor
BG0803|Maltz's Weapon Shop, ground floor
BG0804|Maltz's Weapon Shop, second floor
BG0805|Arkion's home, ground floor
BG0806|Arkion's home, second floor
BG0807|Generic inn, ground floor
BG0808|Generic inn, second floor
BG0809|Silence's store
BG0810|Luck Aello's store
BG0811|Generic home, ground floor
BG0812|Generic home, second floor
BG0813|Nemphre's home, ground floor
BG0814|Nemphre's home, second floor
BG0900|Wyrm's Crossing (bridge to BG, Tenya, Quayle)
BG0901|Tenya's home
BG1000|Ulgoth's Beard (Shandalar, Ike, Mendas)
BG1001|Ulgoth Beard's Inn (Hurgan Stoneblade)
BG1002|Aec'Letec cult building, basement (Aec'Letec)
BG1003|Aec'Letec cult building, ground floor
BG1004|Mendas's home
BG1005|Therella's home
BG1006|Generic home
BG1007|Generic home
BG1008|Ice island, exterior
BG1009|Ice island, dungeon
BG1010|Ice island, unused exit area
BG1100|SW Baldur's Gate (Flaming Fist HQ, Merchant League, Seven Suns)
BG1101|Generic home, ground floor (thieves Wiven, Dirk, Meakin and Sath)
BG1102|Generic home, second floor
BG1103|Generic home, ground floor
BG1104|Generic home, second floor
BG1105|Generic home, ground floor
BG1106|Generic home, second floor
BG1107|Generic home, ground floor
BG1108|Generic home, second floor
BG1109|Generic tavern, ground floor (Phandalyn)
BG1110|Generic tavern, second floor
BG1111|Sunin's home
BG1112|Generic weapons store
BG1113|Ye Olde Inn, ground floor (green slimes, AKA Slime Inn)
BG1114|Ye Olde Inn, second floor (green slimes, AKA Slime Inn)
BG1115|Generic potions store
BG1116|Generic weapons store
BG1117|Generic potions store
BG1200|S Baldur's Gate (docks, Iron Throne, Low Lantern, Umberlee temple)
BG1201|Generic home, ground floor (ogre mages)
BG1202|Generic home, second floor
BG1203|Generic home, ground floor
BG1204|Generic home, second floor
BG1205|Generic home, ground floor
BG1206|Generic home, second floor
BG1207|Warehouse (loose basilisk)
BG1208|Warehouse (Noralee)
BG1209|Generic home, ground floor (Larriaz the Sirine)
BG1210|Generic home, second floor
BG1211|Ghorak's home, ground floor
BG1212|Ghorak's home, second floor
BG1213|Cordyr's home, ground floor
BG1214|Cordyr's home, second floor
BG1215|Jopalin's Tavern
BG1300|SE Baldur's Gate (Blade and Stars)
BG1301|Warehouse
BG1302|Well-Adjusted Al's General Store
BG1303|Warehouse (Nadarin)
BG1304|Generic home, ground floor
BG1305|Generic home, second floor
BG1306|Generic inn, ground floor (Euric)
BG1307|Generic inn, second floor (Sanadal Gwist)
BG1308|Generic home, ground floor
BG1309|Generic home, second floor
BG1310|Generic home, ground floor
BG1311|Generic home, second floor
BG1312|Gantolandan's home, ground floor
BG1313|Gantolandan's home, second floor
BG1314|Generic home, ground floor
BG1315|Generic home, second floor
BG1316|Generic home, ground floor (thieves Taxek and Michael)
BG1317|Generic home, second floor
BG1320|Generic store
BG1400|Fishing village (Ajantis, farmer Brun, Gerde, lots of ankhegs)
BG1401|Ankheg pit
BG1402|Fisherman's home
BG1403|Fisherman's home
BG1404|Brun's home
BG1500|Balduran's Isle, north (AKA Werewolf Isle)
BG1501|Balduran's ship, ground floor
BG1502|Balduran's ship, second floor
BG1503|Balduran's ship, third floor
BG1504|Balduran's ship, fourth floor (Karoug)
BG1505|Dradeel's home
BG1600|Cloakwood, third main area (shadow druids, Eldoth, Faldorn)
BG1601|Tree house, ground floor
BG1602|Tree house, second floor (Amarande)
BG1603|Baby wyvern cave (Peter of the North)
BG1700|Cloakwood, fourth main area (wyverns)
BG1800|Cloakwood mines, exterior
BG1801|Cloakwood mines, first subterranean level (river plug)
BG1801A|Unused
BG1802|Cloakwood mines, third subterranean level (Natasha, ogre mage)
BG1803|Cloakwood mines, fourth subterranean level (Davaeorn, Stephan)
BG1804|Cloakwood mines, second subterranean level (Yeslick, Hareishan)
BG1805|Cloakwood mines, barracks ground floor
BG1806|Cloakwood mines, barracks second floor
BG1807|Cloakwood mines, elevator
BG1808|Cloakwood mines, storehouse
BG1809|Cloakwood mines, shed leading to elevator
BG1900|Bandit Camp
BG1901|Bandit Camp, main tent (Raemon, Venkt, Hakt, Britik)
BG1902|Bandit Camp, tent (Ardenor Crush)
BG1903|Bandit Camp, cave (Garclax)
BG1904|Bandit Camp, tent (Tersus)
BG1905|Bandit Camp, tent (Knott)
BG1906|Bandit Camp, tent
BG1907|Bandit Camp, tent (Taugosz Khosann)
BG2000|Balduran's Isle, south (AKA Werewolf Isle, Delainy/Durlyle)
BG2001|Generic hut
BG2002|Main hut (Kaishas Gan, Tailas)
BG2003|Generic hut
BG2004|Generic hut
BG2005|Generic hut
BG2006|Generic hut
BG2007|Taloun's hut
BG2008|Generic hut
BG2009|Generic hut
BG2010|Generic hut
BG2011|Generic hut
BG2012|Werewolf caverns
BG2100|Cloakwood, second main area (spider nest, Centeol)
BG2101|Spider nest (Centeol)
BG2200|Cloakwood, first main area (Aldeth Sashenstar, Seniyad, Coran)
BG2215|Hunting lodge
BG2300|Friendly Arm Inn, exterior
BG2301|Friendly Arm Inn, ground floor (Bentley Mirrorshade, Khalid, Jaheira)
BG2302|Friendly Arm Inn, second floor (Unshey)
BG2303|Friendly Arm Inn, third floor (Landrin, Golden Pantaloons)
BG2304|Friendly Arm Inn, Temple of Wisdom (Gellana Mirrorshade)
BG2305|Friendly Arm Inn, generic home
BG2306|Friendly Arm Inn, Joia's home
BG2400|Peldvale (Viconia, Raiken)
BG2600|Candlekeep (prologue), exterior
BG2602|Candlekeep (prologue), Priest's Quarters (Shank)
BG2605|Candlekeep (prologue), infirmary
BG2606|Candlekeep (prologue), storehouse
BG2607|Candlekeep (prologue), bunkhouse (Carbos)
BG2608|Candlekeep Citadel, ground floor (Karan)
BG2609|Candlekeep Citadel, second floor (Koveras)
BG2610|Candlekeep Citadel, third floor (Rieltar, Brunos Costak, Tuth and Kestor)
BG2611|Candlekeep Citadel, fourth floor (Shistal)
BG2612|Candlekeep Citadel, fifth floor (Gorion's old room)
BG2613|Candlekeep Catacombs, entrance area
BG2614|Candlekeep Citadel, sixth floor (Ulraunt, Tethtoril)
BG2615|Candlekeep Catacombs, first level
BG2616|Candlekeep (prologue), Inn ground floor
BG2617|Candlekeep (prologue), Inn second floor
BG2618|Candlekeep (prologue), barracks
BG2619|Candlekeep Catacombs, second level
BG2622|Unused
BG2623|Unused
BG2624|Unused
BG2626|Candlekeep (chapter 6), exterior
BG2627|Candlekeep (chapter 6), Priest's Quarters
BG2628|Candlekeep (chapter 6), storehouse
BG2629|Candlekeep (chapter 6), Inn ground floor
BG2630|Candlekeep (chapter 6), Inn second floor
BG2631|Candlekeep (chapter 6), barracks
BG2632|Candlekeep (chapter 6), bunkhouse
BG2633|Candlekeep (chapter 6), infirmary
BG2634|Unused
BG2635|Unused
BG2636|Unused
BG2637|Unused
BG2638|Unused
BG2639|Unused
BG2640|Unused
BG2641|Unused
BG2642|Unused
BG2643|Candlekeep (prologue), warehouse (Obe's party combat training)
BG2700|Lion's Way (E of Candlekeep, Gorion's ambush, Imoen, Xzar, Montaron)
BG2800|Coast Way (S of Friendly Arm Inn, destroyed caravan)
BG2900|Larswood (Teven, Osmadi, Corsone)
BG3000|Spider Wood (E of Larswood, Thayvian Red Wizards)
BG3100|Shipwreck's Coast (S of Candlekeep, Shoal, Droth, Mad Arcand, Surgeon)
BG3200|High Hedge, exterior (Kivan)
BG3201|High Hedge, generic house
BG3202|High Hedge, interior (Thalantyr)
BG3300|Beregost (Garrick, Jovial Juggler, Feldepost's Inn, Burning Wizard, Red Sheaf))
BG3301|Thunderhammer Smithy (Taerom Fuiruim)
BG3302|Generic home
BG3303|Red Sheaf, second floor
BG3304|Jovial Juggler, ground floor (Bjornin, Gurke)
BG3305|Jovial Juggler, second floor front (Oogie)
BG3306|Jovial Juggler, second floor rear
BG3307|Burning Wizard, ground floor (Zhurlong)
BG3308|Burning Wizard, second floor
BG3309|Generic home, ground floor
BG3310|Generic home, second floor
BG3311|Generic home, ground floor
BG3312|Generic home, second floor
BG3313|Mirianne's home, ground floor
BG3314|Mirianne's home, second floor
BG3315|Landrin's home (spiders)
BG3316|Generic home
BG3317|Borland's home
BG3318|Generic home
BG3319|Galteran's home
BG3320|Travenhurst Manor, ground floor
BG3321|Travenhurst Manor, second floor
BG3322|Travenhurst Manor, Servants' Quarters
BG3323|Generic home, ground floor
BG3324|Generic home, second floor
BG3325|Generic home, second floor
BG3326|Generic home, ground floor
BG3327|Generic home, ground floor
BG3328|Generic home, second floor
BG3329|Generic home, second floor
BG3330|Generic home, ground floor
BG3331|Generic home, ground floor (Colquatle)
BG3332|Generic home, second floor
BG3333|Firebeard Elvenhair's home, ground floor
BG3334|Firebeard Elvenhair's home, second floor
BG3335|Generic home, ground floor
BG3336|Generic home, second floor
BG3337|Generic home, second floor
BG3338|Generic home, ground floor
BG3339|Generic home, ground floor
BG3340|Generic home, second floor
BG3341|Generic home, ground floor
BG3342|Generic home, second floor
BG3343|Generic home
BG3344|Generic home
BG3345|Generic home, ground floor
BG3346|Generic home, second floor
BG3347|Generic home, ground floor
BG3348|Generic home, second floor
BG3349|Generic home, ground floor
BG3350|Generic home, second floor
BG3351|Feldepost's Inn, ground floor (Marl)
BG3352|Feldepost's Inn, second floor (Algernon)
BG3353|Generic store (Kagain)
BG3354|Generic home
BG3355|Generic home, ground floor
BG3356|Generic home, second floor
BG3357|Red Sheaf, ground floor (Perdue)
BG3400|Beregost Temple, exterior (Cattack)
BG3401|Beregost Temple, vestibule
BG3402|Beregost Temple, interior (AKA Song of the Morning, Keldath Ormlyr)
BG3500|Mutamin's Garden (Shar-Teel, Mutamin, Korax, basilisks, Tamah)
BG3600|Lighthouse (Safana, Ardrouine, Sil)
BG3601|Black Alaric's cave (flesh golems)
BG3700|Red Canyons (Bassilus, Melicamp)
BG3800|South Beregost Road
BG3802|Generic cave
BG3900|Ulcaster School, exterior (Ulcaster, Icharyd)
BG3901|Ulcaster School, dungeon
BG4000|Gullykin, exterior
BG4001|Jenkal's home, ground floor
BG4002|Jenkal's home, second floor
BG4003|Temple of Yondalla, ground floor
BG4004|Temple of Yondalla, basement
BG4005|Generic home, ground floor
BG4006|Generic home, basement
BG4007|Generic home, ground floor
BG4008|Generic home, basement
BG4009|Generic home, ground floor
BG4010|Generic home, basement
BG4011|Generic home, ground floor
BG4012|Generic home, basement
BG4013|Generic home, ground floor
BG4014|Generic home, basement
BG4100|Archaeological Site, exterior (Brage, Charleston Nib, Doomsayer)
BG4101|Archaeological Site, interior tomb
BG4200|Fisherman's Lake (Drizzt. Bjornin's half-ogres)
BG4201|Unused
BG4300|North Nashkel Road (N of Nashkel)
BG4400|Lonely Peaks (Hulrik and Arabelle, Sarhedra, Arghain)
BG4401|Generic cave (ettercaps)
BG4500|Firewine Bridge (Kahrk, Carsa, Poe, Bentan, Melium)
BG4501|Wyvern cave
BG4600|Bear River (N of Gnoll Stronghold, Larel, Nevill, Jared)
BG4700|Xvart Village (Nexlit, Ursa, Borda)
BG4701|Generic cave (cave bear)
BG4800|Nashkel (Minsc, Edwin, Berrun Ghastkill, Belching Dragon, Temple of Helm)
BG4801|Nashkel Inn
BG4802|Temple of Helm (Nalin)
BG4803|Nashkel Store
BG4804|Nashkel Manor, ground floor
BG4805|Nashkel Manor, second floor (Samantha)
BG4806|Joseph's home
BG4807|Generic farmhouse
BG4808|Generic home
BG4809|Belching Dragon Tavern (Volo)
BG4810|Nashkel barracks
BG4900|Nashkel Carnival (Branwen, Great Gazib)
BG4901|Small carnival tent (armor merchant)
BG4902|Small carnival tent (black lotus)
BG4903|Large carnival tent (Vitiare)
BG4904|Large carnival tent (gambling)
BG4905|Small carnival tent (rare potions merchant)
BG4906|Small carnival tent (Zordral and Bentha)
BG4907|Small carnival tent (magic items merchant)
BG4908|Small carnival tent (melee weapons merchant)
BG4909|Small carnival tent (ranged weapons merchant)
BG5000|Valley of the Tombs (Nashkel mines exit, Narcillicus, Hentold)
BG5001|Tombs
BG5100|Gnoll Stronghold (Dynaheir)
BG5101|Generic cave (xvarts)
BG5102|Generic cave (Tome of Leadership and Influence)
BG5103|Generic cave (cariron crawlers)
BG5200|Dryad Falls (Cloudpeak Dryad, Drienne, Ingot, Krumm, Caldo)
BG5201|Firewine Ruins (Lendarn, ogre mage, undead knights)
BG5202|Generic cave
BG5300|Fire Leaf Forest (S of Nashkel, Albert, Rufie, Vax, Sendai)
BG5400|Nashkel Mines, exterior (Prism)
BG5401|Nashkel Mines, first subterranean level (Dink)
BG5402|Nashkel Mines, second subterranean level (Kylee, Beldin)
BG5403|Nashkel Mines, third subterranean level (Joseph)
BG5404|Nashkel Mines, fourth subterranean level
BG5405|Nashkel Mines, Mulahey's lair (Xan, Mulahey)
BG5406|Mine storehouse
BG5500|Gibberling Mountains (Samuel, Hafiz)
BG5506|Candlekeep Caves (Diarmid, Prat, Sakul, Tam, Bor)
BG5600|Random encounter area
BG5601|Random encounter area
BG5610|Unused
BG5700|Random encounter area
BG5701|Random encounter area
BG5710|Unused
BG5800|Random encounter area
BG5801|Random encounter area
BG5810|Unused
BG5900|Random encounter area
BG5901|Random encounter area
BG5910|Unused
BG6000|Random encounter area
BG6001|Random encounter area
BG6010|Unused
BG6100|Random encounter area
BG6110|Unused
BG7100|Unused
BG9901|Unused
TU0015|Baldur's Gate Estate (Tutorial starts here)
TU0016|Baldur's Gate Estate (Tutorial area)
TU0017|Baldur's Gate Estate (Tutorial area)
TU0018|Baldur's Gate Estate Cellar (Tutorial area)
OH1000|Dorn - Random Encounter Area
OH2000|Neera - Adoy's Enclave, exterior
OH2010|Neera - Adoy's Enclave, interior
OH3000|Rasaad - Dark Moon temple, exterior
OH3010|Rasaad - Dark Moon temple, interior
OH3020|Rasaad - Dark Moon temple, interior
OH3100|Rasaad - Dark Moon temple, interior
OH9310|The Black Pits: Arena 1
OH9350|The Black Pits: Arena 2
OH9360|The Black Pits: Hub
BD0010|Ducal Palace City Exterior
BD0020|Sorcerous/Elf Song City Exterior
BD0030|Flaming Fist City Exterior
BD0040|Three Kegs City Exterior
BD0050|Iron Throne City Exterior
BD0060|Random Area - Cave Entrance
BD0061|Random Area - Cave Interior from BD0060
BD0062|Random Area - Cave Pool from BD0061
BD0063|Random Area - Canyon Ambush
BD0064|Random Area - Forest Paths
BD0065|Random Area - Wilderness Open Area
BD0066|Random Area - Wilderness Hole to BD0067
BD0067|Random Area - Cave Interior from BD0066
BD0070|The Scrying Pool - The Hooded Man Cutscene
BD0071|The Scrying Pool - Caelar Cutscene
BD0100|Ducal Palace, Second Floor
BD0101|Ducal Palace, Leaving BG
BD0102|Ducal Palace, First Floor
BD0103|Ducal Palace, Third Floor
BD0104|Flaming Fist HQ
BD0105|Flaming Fist HQ, Basement
BD0106|Three Old Kegs, First Floor
BD0107|Three Old Kegs, Second Floor
BD0108|Three Old Kegs, Third Floor
BD0109|Elfsong Tavern, First Floor
BD0110|Elfsong Tavern, Second Floor
BD0111|Iron Throne Floor, First Floor
BD0112|Baldur's Gate East
BD0113|Underground Cavern Wyrms
BD0114|Spider Cave
BD0115|Vampire Cavern
BD0116|Ducal Palace, Basement
BD0117|Iron Throne, Basement
BD0118|The Scrying Pool - Imoen Cutscene
BD0120|Tomb Safehouse, First Floor
BD0121|Sorcerous Sundries, First Floor
BD0122|Sorcerous Sundries, Second Floor
BD0130|Tomb Safehouse, Second Floor
BD1000|Coast Way Crossing
BD1010|Cave (generic)
BD1100|The Dig
BD1200|Lich Outpost
BD2000|Boareskyr Bridge & Bridgefort
BD2010|Cave (generic)
BD2100|Bridgefort Interior
BD3000|Allied Siege Camp
BD4000|Dragonspear Castle, Exterior
BD4100|Dragonspear Castle Keep, First Floor
BD4300|Dragonspear Castle Basement
BD4400|Avernus
BD4500|Avernus Bridge
BD4600|Avernus Interior
BD4601|Avernus Elevator
BD4700|Avernus Roof
BD5000|Underground River Entrance
BD5100|Underground River
BD5110|Ettin Ghost Cave
BD5200|The Warrens
BD5300|Kanaglym
BD6000|Abandoned Sewers & Caverns
BD6200|Sewers Exit
BD6100|The Ambush
BD7000|Coast Way Forest
BD7100|Troll Forest
BD7110|Troll Cave
BD7200|Forest of Wyrms
BD7210|Wyrm Cave
BD7220|Bugbear Stronghold
BD7230|Temple of Cyric
BD7300|Dead Man's Pass
BD7310|Hidden Cellar/Treasure Stash
BD7400|Bloodbark Grove
BD7410|Vampire Hideout
AR0011|Candlekeep Dream 1 (Do you remember Candlekeep?)
AR0012|Candlekeep Library (Main Door Trigger)
AR0013|Candlekeep Library (Stairway Triggers Up and Down)
AR0014|Candlekeep Library (Stairway Trigger Down)
AR0015|Baldur's Gate Estate (Tutorial starts here)
AR0016|Baldur's Gate Estate (Tutorial area)
AR0017|Baldur's Gate Estate (Tutorial area)
AR0018|Baldur's Gate Estate Cellar (Tutorial area)
AR0020|City Gates
AR0021|Crooked Crane 1st Floor
AR0022|Crooked Crane 2nd Floor
AR0028|Candlekeep Dream (After PC Soultheft)
AR0041|Random Encounter City
AR0042|Random Encounter Outdoor
AR0043|Random Encounter Outdoor (With rocks)
AR0044|Random Encounter Outdoor (sand)
AR0045|Random Encounter City
AR0046|Random Encounter City (bridge)
AR0060|Empty (Triggers, Doors... are there but no area)
AR0061|Empty (Triggers, Doors... are there but no area)
AR0062|Empty (Triggers, Doors... are there but no area)
AR0063|Empty (Triggers, Doors... are there but no area)
AR0064|Empty (Triggers, Doors... are there but no area)
AR0065|Empty (Triggers, Doors... are there but no area)
AR0069|"Government Building (Cowled Cutscene -- ""Why is this man not gagged?"")"
AR0070|"Spellhold (Irenicus Cutscene -- ""I cannot be caged..."")"
AR0071|"Spellhold (Imoen Soultheft Cutscene -- ""Silence do, you have no purpose..."")"
AR0072|Ust Natha Temple (Irenicus/Bodhi, Ardula/Phaere Cutscene)
AR0082|Lich Grave in Bridge District Inn
AR0083|Candlekeep Library (Dream: PC learns to control the Slayer)
AR0084|Candlekeep Library (Stairway trigger down)
AR0085|Tree of Life
AR0086|Wooded Area
AR0087|Elven Dining Room
AR0201|Leading to ghoul village and beholder lair (Temple District)
AR0202|The Unseeing Eye Cult Hideout
AR0203|Temple of the Forgotten God -- Amaunator (Unseeing Eye Plot)
AR0204|The Forgotten Believers -- Temple City (Unseeing Eye Plot)
AR0205|The Beholder Hideout (Unseeing Eye Plot)
AR0206|Ghoul village (Temple District)
AR0300|The Docks
AR0301|Mae'Var's Hide Out
AR0302|Mae'Var's Inn 1st Floor -- Entrance
AR0303|Mae'Var's Inn 2nd Floor -- Training Area
AR0304|Mae'Var's Inn 3rd Floor -- Edwin
AR0305|Shadow Thieves Guild Entrance
AR0306|Renal Bloodscalp's Hideout
AR0307|Aran Linvail's Hideout
AR0308|Harper's 1st Floor
AR0309|Harper's 2nd Floor
AR0310|Pirates' Hideout in Sea Bounty Tavern
AR0311|Living Room (Entry points outside and up) -- Gaelan?
AR0312|Sleeping Room (Entry point down) -- Arledrian
AR0313|Sea Bounty Tavern 1st Floor
AR0314|Sea Bounty Tavern 2nd Floor
AR0315|Living Room (Favour for Edwin -- Mae'Var Plot)
AR0316|Sleeping Room (Favour for Edwin -- Mae'Var Plot)
AR0317|Sleeping Room (Favour for Edwin -- Mae'Var Plot)
AR0318|Storage Room
AR0319|Temple of Oghma
AR0321|Thief Stronghold (Hideout)
AR0322|Thief Stronghold (1st Floor)
AR0323|Thief Stronghold (2nd Floor)
AR0324|Thief Stronghold (3rd Floor)
AR0325|Corthala House 1st Floor
AR0326|Corthala House 2nd Floor
AR0327|Shadow Thief Entrance (sided with Bodhi)
AR0328|Shadow Thief 1st Floor (sided with Bodhi)
AR0329|Aran's Hideout (sided with Bodhi)
AR0330|House 1st Floor (Kangaxx)
AR0331|House Cellar (Kangaxx)
AR0332|Barracks in the Docks
AR0333|Barracks in the Docks
AR0334|Cromwell's Shop
AR0335|Sleeping Room
AR0400|Slums
AR0401|Jansen Cellar
AR0402|Jansen 1st Floor
AR0403|Jansen 2nd Floor
AR0404|Sewers beneath Coronet -- Lilarcor
AR0405|Slaver's Ship Building
AR0406|Copper Coronet
AR0407|Prebek's House
AR0408|Temple of Ilmater
AR0409|Living Room (Ployer's home)
AR0410|Sphere: Navigator's room -- Lavok's Hideout
AR0411|Sphere: Entrance floor
AR0412|Sphere: Ice and Fire Room
AR0413|Sphere: Enginge Room
AR0414|Sphere: Demon Plane
AR0415|Living Room 1st Floor
AR0416|Living Room 2nd Floor
AR0417|Living Room
AR0418|Myconids
AR0419|Myconid
AR0420|Sphere: Lizardmen Hideout
AR0500|Bridge District
AR0501|Tanner's Hideout 1st Floor
AR0502|Tanner's Hideout Cellar
AR0503|Tanner's Hideout Dock
AR0504|Saerk's House 1st Floor
AR0505|Saerk's House 2nd Floor
AR0506|Noble House 1st Floor
AR0507|Kidnappers' Hideout 1st Floor
AR0508|Kidnappers' Hideout 2nd Floor
AR0509|Five Flagons Inn 1st Floor
AR0510|Five Flagons Inn Theater
AR0511|Five Flagons Inn 2nd Floor
AR0512|Temple of Helm
AR0513|Calbor's Inn at Bridge District 1st Floor
AR0514|Inn at Bridge District 2nd Floor
AR0515|Inn at Bridge District 3rd Floor
AR0516|Planar Prison
AR0517|Planar Prison Cell
AR0518|Planar Prison Cell
AR0519|Planar Prison Cell
AR0520|Planar Prison Cell
AR0521|Planar Prison Cell
AR0522|Five Flagons Inn (Stronghold)
AR0523|Five Flagons Theater (Stronghold)
AR0525|House 1st Floor
AR0526|Sarcophagus Cellar
AR0527|House 1st Floor
AR0528|House 2nd Floor
AR0529|Neb's Hideout
AR0530|Storehouse
AR0531|Commoner House
AR0600|Circus Tent (phased)
AR0601|Air Plane in Irenicus's Dungeon
AR0602|Irenicus's Dungeon 1st Floor
AR0603|Irenicus's Dungeon 2nd Floor
AR0604|Circus Tent 1st Floor
AR0605|Circus Tent 2nd Floor
AR0606|Circus Tent 3rd Floor
AR0607|Circus Tent restored
AR0700|Waukeen's Promenade
AR0701|The Sewers
AR0702|Adventurer's Mart
AR0703|Temple of Ilmater
AR0704|Mithrest Inn
AR0705|Mekrath's Hideout in the Sewers (Haer'Dalis Plot)
AR0706|Armourer/Fletcher
AR0707|Enge's Shop
AR0708|Cernd's former home
AR0709|Den of the Seven Vales 1st Floor
AR0710|Fennecia's Home
AR0711|Illithid Hideout in the Sewers (The Hidden Plot)
AR0712|Den of the Seven Vales 2nd Floor
AR0713|Store or Inn at Promenade
AR0714|Debris at Waukeen's Promenade (Irenicus Cutscene in the beginning)
AR0800|Graveyard
AR0801|Bodhi's Hideout (sided with Aran)
AR0802|Netherscroll, Korgan's Book, Edwin
AR0803|Bodhi's Lair (sided with Aran)
AR0804|Pai'Na's Hideout
AR0805|Crypt
AR0806|Crypt
AR0807|Crypt
AR0808|Bodhi's Hideout (Abduction Plot, getting Imoen's soul)
AR0809|Bodhi's Lair (Abduction Plot, getting Imoen's soul)
AR0810|Crypt
AR0811|Crypt
AR0812|Crypt
AR0813|Crypt
AR0900|Temple District
AR0901|Temple of Helm
AR0902|Temple of Lathander
AR0903|Order of the Radiant Heart
AR0904|Temple of Talos
AR0905|Pimlico's Estate
AR0906|Guarded Compound 1st Floor
AR0907|Guarded Compound 2nd Floor
AR1000|Government District
AR1001|Delryn's Estate
AR1002|Councel Building
AR1003|Firecam's Estate
AR1004|Deril's Estate (Cernd Plot)
AR1005|Prison
AR1006|Jysstev's Estate (Oisig Plot)
AR1007|Noble House
AR1008|Twisted Rune
AR1009|Noble House (Isaea Roenall's)
AR1010|Temple of Waukeen
AR1100|Umar Hills
AR1101|Valygar's Cabin
AR1102|Merella's Cabin
AR1103|Jermien's Cabin
AR1104|Mayor Lloyd's Cabin
AR1105|Imnesvale Inn
AR1106|Umar's Cave
AR1107|Ranger-Protector's Cabin (Stronghold)
AR1200|Windspear Hills
AR1201|Firkraag's Entrance
AR1202|Firkaag's Maze
AR1203|Firkraag's Hideout
AR1204|Garren Windspear's Cabin
AR1300|De'Arnise Keep Destroyed
AR1301|De'Arnise Cellar
AR1302|De'Arnise Keep 1st Floor
AR1303|De'Arnise Keep 2nd Floor (Destroyed)
AR1304|De'Arnise Keep (Restored, Stronghold)
AR1305|De'Arnise Keep (Stronghold)
AR1306|De'Arnise Keep (Stronghold)
AR1307|De'Arnise Keep (Stronghold)
AR1400|Shadow Temple Land (restored, Ranger)
AR1401|Shadow Temple
AR1402|Shadow Dragon Hideout
AR1403|Wolfwere Hideout
AR1404|Shadow Temple Land shadowed
AR1500|Spellhold
AR1501|Cave (Spellhold Test)
AR1502|Fire Room (Spellhold Test)
AR1503|Spore Room (Spellhold Test)
AR1504|Crushing Trap Room (Spellhold Test)
AR1505|Lever Room (Spellhold Test)
AR1506|Troll Cave (Spellhold Test)
AR1507|Kobold Room (Spellhold Test)
AR1508|Final Judgement Spellhold Test
AR1509|Myconid Room (Spellhold Test)
AR1510|Sahuagin Room (Spellhold Test)
AR1511|Elven Table while Spellhold Test
AR1512|Bodhi's Hunt Level 1
AR1513|Bodhi's Hunt Level 2
AR1514|Bodhi's Hunt Level 3 (1st Slayer Change Happens here)
AR1515|Spellhold (Irenicus' Living Room)
AR1516|Spellhold (Soultheft Level)
AR1600|Brynnlaw
AR1601|Desharik's Estate
AR1602|Brynnlaw's Inn
AR1603|Brynnlaw's Shop
AR1604|Temple of Umberlee
AR1605|CW's House
AR1606|House of Desharik's Lover
AR1607|Githyanki Assault
AR1608|Cellar of Brothel
AR1609|Courtesan Room
AR1610|Brothel Prison
AR1611|Brothel
AR1612|Brothel Kitchen
AR1613|Brothel HQ
AR1700|Small Teeth Pass
AR1800|North Forest
AR1900|Druid Grove Area
AR1901|Druid Grove
AR1902|Storehouse (Ihtafeer's Storehouse)
AR1904|Troll Hill
AR1905|Store Tower
AR2000|Trademeet
AR2001|The Smithy
AR2002|Fentan's House
AR2006|Tiri's Home
AR2007|High Merchant's Estate
AR2008|Temple of Waukeen
AR2009|High Merchant Prison
AR2010|Trademeet's Inn
AR2011|Alibakkar's Estate
AR2012|Lurraxol's Estate
AR2013|Trademeet Crypt
AR2014|Djinni's Tent
AR2015|Merchant Tent
AR2016|Raffee's Tent
AR2017|Courtesan Tent
AR2018|Tent (no exit)
AR2100|Underdark
AR2101|Beholder Cave in Underdark
AR2102|Adalon's Cave
AR2200|Ust Natha
AR2201|Temple in Ust Natha
AR2202|Inn in Ust Natha 1st Floor
AR2203|Inn in Ust Natha; 2nd Floor
AR2204|House in Ust Natha
AR2205|House in Ust Natha
AR2206|Qilue's House in Ust Natha
AR2207|Deirex's Tower in Ust Natha
AR2208|Jarlaxle's House wherever
AR2209|Jae'llat's House
AR2210|Deirex's Cave
AR2300|Sahuagin City
AR2400|Mind Flayers in Underdark
AR2401|Cave Between Underdark and Exit from Underdark
AR2402|Kuo Toa in Underdark
AR2500|Elven Temple at Underdark Exit
AR2600|Thetyr Wood
AR2601|Meet Drizzt Do'Urden
AR2602|Cave in Woods to Suldanessellar
AR2603|Coran's Cabin
AR2700|Ancient Spirits?
AR2800|Suldanessellar
AR2801|House of High Priestess of Suldanessellar
AR2802|House in Suldanessellar
AR2803|Rillifane Temple
AR2804|To the Tree of Life (Entrance Hidden)
AR2805|To the Tree of Life (Entrance Revealed)
AR2806|Tree of Life
AR2807|Black Dragon's Hideout
AR2808|House in Suldanessellar
AR2809|House in Suldanessellar — puzzlebox
AR2810|House in Suldanessellar
AR2811|House in Suldanessellar
AR2812|Temple of Rillifane after the Battle
AR2900|The Abyss
AR2901|Fear (Abyss)
AR2902|Pride (Abyss)
AR2903|Greed (Abyss)
AR2904|Selfish (Abyss)
AR2905|Sarevok (Abyss)
AR2906|Jon Battle ?
AR3000|Watcher's Keep
AR3001|Watcher's Keep -- Altar level
AR3003|Watcher's Keep -- Compass level
AR3004|Watcher's Keep
AR3005|Watcher's Keep -- tieflings
AR3006|Watcher's Keep -- Succubus
AR3007|Watcher's Keep --Cambion
AR3008|Watcher's Keep -- Baalor (Paladin Sword)
AR3009|Watcher's Keep -- Wild Magic ?
AR3010|Watcher's Keep -- Tanar'ri -- Obelisk
AR3011|Watcher's Keep -- Bard's Gloves, Manman's Journal
AR3012|Watcher's Keep -- Tahazzar
AR3013|Watcher's Keep -- Ka'rashur
AR3014|Watcher's Keep -- White Dragon Scales
AR3015|Watcher's Keep -- Aesgareth
AR3016|Watcher's Keep -- Chromatic Demon; Elementalist Level
AR3017|Watcher's Keep -- Carston and the machine
AR3018|Watcher's Keep -- Saladrex (Dragon)
AR3019|Watcher's Keep -- Helmite Level -- Last Seals
AR3020|Watcher's Keep -- Imprisoned One
AR3021|Watcher's Keep -- Illithids
AR3022|Watcher's Keep -- Anti-Paladins
AR3023|"Watcher's Keep -- ""Adventure Level"" (Mini Map!!!)"
AR3024|Watcher's Keep -- Dragon -- Fear Challenge
AR3025|Watcher's Keep -- Orcs -- Ixil's Nail
AR3026|Watcher's Keep -- Imp -- Game
AR3027|Watcher's Keep -- Crypt -- Demi-Lich
AR4000|Spirit Heads
AR4500|Pocket Plane
AR5000|Saradush
AR5001|Gromnir 1st Level
AR5002|Gromnir's Hideout
AR5003|Saradush Tavern (Tankard Tree)
AR5004|Temple of Waukeen
AR5005|Gromnir's Barracks
AR5006|Saradush Prison
AR5007|Basement Entrance to Gromnir's Hideout
AR5008|Kiser's Home
AR5009|House (no exit?)
AR5010|Countess Santele's Home
AR5011|Arcana Archives
AR5012|House
AR5013|Sewers beneath Saradush
AR5014|Kiser's Home -- Cellar
AR5015|Saradush Militia Entrance
AR5016|Saradush Castle Jail (Kiser Plot)
AR5200|Fire Giant Entrance Area
AR5201|Fire Giant Keep
AR5202|Nyalee's Hideout; Gorion Wraith
AR5203|Yaga-Shura's Camp
AR5204|Yaga-Shura's Keep
AR5500|Amkethran
AR5501|Amkethran Inn
AR5502|Kerrick the Smith's House
AR5503|Chyil's House
AR5504|Smuggler Cave
AR5505|Balthazar's Home
AR5506|Commoner's Home
AR5507|Empty Home
AR5508|Faheed's Home
AR5509|Amkethran Crypt
AR6000|Abazigal's Entrance
AR6001|Abazigal's Lair Entrance Hall
AR6002|Abazigal's Lair -- Cells
AR6003|Abazigal's Lair -- Iycanth the Mad, Bondari
AR6004|Abazigal's Lair -- Fll'Yissetat
AR6005|Abazigal's Hideout
AR6008|Frost Salamander Cave
AR6011|Orbs and Gauth
AR6012|Pool Home -- breath under water
AR6100|Area outside Sendai's Hideout
AR6101|Main Entrance Sendai's Lair
AR6102|Sendai's Lair -- Slavemaster
AR6103|Sendai's Lair -- Spiders
AR6104|Sendai's Lair -- Crossway
AR6105|Sendai's Lair -- Diaytha, Abishai
AR6106|Sendai's Lair -- Captain Egeissag
AR6107|Sendai's Lair -- Mithykyl
AR6108|Sendai's Lair -- Sendai
AR6109|Sendai's Lair -- Drow
AR6110|Sendai's Lair -- Odamaron
AR6111|Woodcutter's House -- Sendai's Area
AR6200|The Throne of Bhaal
AR6300|Oasis in Tethyr
AR6400|River Area
XR0601|Air Plane in Irenicus's Dungeon
XR0602|Irenicus's Dungeon -- Level 1
XR0603|Irenicus's Dungeion -- Level 2
XR1200|Windspear Hills -- with Exits to Garren's Cabin (AR1204), Irenicus's Air Plane (XR601), Watcher's Keep (AR3000)
OH4000|Rasaad - The Amphitheater
OH4010|Rasaad - Tears of Selune battle encounter
OH4100|Rasaad - Dark Moon Heretic Temple
OH4101|Rasaad - Dark Moon Heretic Temple Interior
OH5000|Dorn - Radiant Heart (Wedding)
OH5100|Dorn - Resurrection Gorge
OH5110|Dorn - Resurrection Gorge Cave
OH5120|Dorn - Resurrection Gorge Tree Interior
OH5200|Dorn - Resurrection Gorge Interior
OH5300|Dorn - Helmite Camp
OH6000|Neera - The Wild Forest
OH6010|Neera - Random Encounter in Athkatla
OH6100|Neera - The Hidden Refuge
OH6200|Neera - The Hidden Refuge (Destroyed)
OH6300|Neera - Red Wizard Enclave
OH7000|Hexxat - Top Left Quarter (Dragomir)
OH7100|Hexxat - Bottom Left Quarter (Shou Lung)
OH7200|Hexxat - Bottom Right Quarter (Zakhara)
OH4200|Rasaad - Dwarven Clanhold Exterior
OH4210|Rasaad - Dwarven Clanhold Interior
OH4220|Rasaad - Dwarven Mines
OH4230|Rasaad - Plane of Shadow
OH4290|Rasaad - Sharran Ambush
OH5400|Dorn - Forest Clearing
OH5500|Dorn - Lunia
OH6400|Neera - Wilderness Clearing
OH6450|Neera - The Black Pits: Arena
OH6460|Neera - The Black Pits: Staging Area
OH6500|Neera - Thayan Estate
OH7300|Hexxat - Completed Maze (Korkorran)
OH7310|Hexxat - Scene with L
OH8000|TBP2 - Suzail Tavern
OH8100|TBP2 - Staging Area Map
OH8200|TBP2 - Arena 1
OH8300|TBP2 - Arena 2
OH8400|TBP2 - Arena 3
